[
    {
      "title": "The Lord of the Rings",
      "author": "J.R.R. Tolkien",
      "genre": "Fantasy"
    },
    {
      "title": "Harry Potter and the Sorcerer's Stone",
      "author": "J.K. Rowling",
      "genre": "Fantasy"
    },
    {
      "title": "To Kill a Mockingbird",
      "author": "Harper Lee",
      "genre": "Literary Fiction"
    },
    {
      "title": "The Great Gatsby",
      "author": "F. Scott Fitzgerald",
      "genre": "Classic Literature"
    }
]